solver,update,branch,status,theta_dim,decision_dim,gradient_rank,solve_time_sec,feasible_x,objective_value,active_rows
dual,1,feasible,optimal,25994,4,5,0.0010119999969901983,1.5883669711281625,1.5883669711281625,4
dual,2,feasible,optimal,25994,4,5,0.0009062999997695442,1.1607545373081318,1.1607545373081318,4
dual,3,feasible,optimal,25994,4,5,0.0010483999976713676,0.3493263833911627,0.3493263833911627,1 2 3 4
dual,4,feasible,optimal,25994,4,5,0.0009946999998646788,0.3397361673140571,0.3397361673140571,1 3 4
dual,5,feasible,optimal,25994,4,5,0.001200400001835078,0.43387710817849773,0.43387710817849773,1 4
dual,6,feasible,optimal,25994,4,5,0.0012277999994694255,0.5497682603077232,0.5497682603077232,1 4
dual,7,feasible,optimal,25994,4,5,0.0008449000015389174,0.6311127522200487,0.6311127522200487,1 4
dual,8,feasible,optimal,25994,4,5,0.0008156999974744394,0.7091579849781715,0.7091579849781715,1 4
dual,9,feasible,optimal,25994,4,5,0.0007643999997526407,0.8349535866834704,0.8349535866834704,1
dual,10,feasible,optimal,25994,4,5,0.0009086999998544343,1.0001017754923651,1.0001017754923651,1
dual,11,feasible,optimal,25994,4,5,0.0008071000011113938,1.1893894771615032,1.1893894771615032,1
dual,12,feasible,optimal,25994,4,5,0.0007380999995802995,1.3831285291677182,1.3831285291677182,1
dual,13,feasible,optimal,25994,4,5,0.0007729999997536652,1.5590508699029297,1.5590508699029297,1
dual,14,feasible,optimal,25994,4,5,0.0008515000008628704,1.6859502775597561,1.6859502775597561,1
dual,15,feasible,optimal,25994,4,5,0.0007627000013599172,1.7385664425562308,1.7385664425562308,1
dual,16,feasible,optimal,25994,4,5,0.0010502999975869898,1.7392937830185082,1.7392937830185082,1
dual,17,feasible,optimal,25994,4,5,0.000939900000958005,1.6843562621873558,1.6843562621873558,1
dual,18,feasible,optimal,25994,4,5,0.0007436000014422461,1.6028779844627805,1.6028779844627805,1
dual,19,feasible,optimal,25994,4,5,0.0007220999978017062,1.4679943086058773,1.4679943086058773,1
dual,20,feasible,optimal,25994,4,5,0.0009796000013011508,1.3058954051844558,1.3058954051844558,1
dual,21,feasible,optimal,25994,4,5,0.0007933000015327707,1.066523337867832,1.066523337867832,1
dual,22,feasible,optimal,25994,4,5,0.001505400003225077,0.7732599727957771,0.7732599727957771,1 3
dual,23,feasible,optimal,25994,4,5,0.0008747000028961338,0.5472200049925153,0.5472200049925153,1 3
dual,24,feasible,optimal,25994,4,5,0.0009914000002027024,0.27933787303797997,0.27933787303797997,1 3 4
dual,25,feasible,optimal,25994,4,5,0.0008818999995128252,0.1448120992478349,0.1448120992478349,1 3 4
dual,26,feasible,optimal,25994,4,5,0.001319900002272334,0.059416497363319776,0.059416497363319776,1 3 4
dual,27,objective,optimal,25994,4,5,0.002509599999029888,-0.023605886528269115,4.273158233164597,1 3 4
dual,28,objective,optimal,25994,4,5,0.0025468999992881436,-0.11998194273030405,3.9921075508567028,1 3
dual,29,objective,optimal,25994,4,5,0.0021367000008467585,-0.14912199477151056,3.8969021373925266,1 3
dual,30,objective,optimal,25994,4,5,0.002066599998215679,-0.12941054750161962,3.8901180174812553,1 3
dual,31,objective,optimal,25994,4,5,0.002139500000339467,-0.1048913311116152,3.8701281020124987,1 3
dual,32,objective,optimal,25994,4,5,0.002232200000435114,-0.10699734036553832,3.786694496638854,1 3
dual,33,objective,optimal,25994,4,5,0.0019277999999758322,-0.1346633313870742,3.654539392430321,1 3
dual,34,objective,optimal,25994,4,5,0.0019828000004054047,-0.1494792315154213,3.54364465679666,1 3
dual,35,objective,optimal,25994,4,5,0.001557799998408882,-0.17572982796450498,3.385408586448421,1 3
dual,36,objective,optimal,25994,4,5,0.001682400001300266,-0.18205119474838627,3.2629711387466385,1 3
dual,37,objective,optimal,25994,4,5,0.002213399999163812,-0.19107825488393793,3.1438799127362382,1 3
dual,38,objective,optimal,25994,4,5,0.00218739999763784,-0.20045429389447633,3.0404634612823638,1 3
dual,39,objective,optimal,25994,4,5,0.0025793999993766192,-0.1852033100081441,2.9703140159747985,1 3
dual,40,objective,optimal,25994,4,5,0.001888800001324853,-0.1686251209819855,2.8999346706971245,1 3
dual,41,objective,optimal,25994,4,5,0.0024568000008002855,-0.14915112329994445,2.838418432752951,1 3
dual,42,objective,optimal,25994,4,5,0.002379999998083804,-0.1307974386200209,2.775582284503077,1 3
dual,43,objective,optimal,25994,4,5,0.0027568000004976057,-0.11350210830850782,2.7042980417111497,1 3
dual,44,objective,optimal,25994,4,5,0.0023298999985854607,-0.11216143324095768,2.612328860333158,1 3
dual,45,objective,optimal,25994,4,5,0.002698899999813875,-0.10372675755307087,2.5399955477808334,1 3
dual,46,objective,optimal,25994,4,5,0.0021590000033029355,-0.09953323612019893,2.4822586367649815,1 3
dual,47,objective,optimal,25994,4,5,0.00272190000032424,-0.08238984097322216,2.4603392642120614,1 3
dual,48,objective,optimal,25994,4,5,0.003005899998242967,-0.05946393503429859,2.459470767096688,1 3
dual,49,objective,optimal,25994,4,5,0.0035510000016074628,-0.039725820441227744,2.4800927133143253,1 3
dual,50,objective,optimal,25994,4,5,0.00293950000195764,-0.02978610040207874,2.486187422473094,1 3
dual,51,objective,optimal,25994,4,5,0.003389400000742171,-0.016571120970731157,2.5154056434541134,1 3
dual,52,objective,optimal,25994,4,5,0.0031069999968167394,-0.029280773896706802,2.4400265786874407,1 3
dual,53,objective,optimal,25994,4,5,0.0026746000003186055,-0.027325394735464192,2.392361127385919,1 3
dual,54,objective,optimal,25994,4,5,0.003033600001799641,-0.02766448028925511,2.3278750713101215,1 3
dual,55,objective,optimal,25994,4,5,0.0034501999980420806,-0.029583242756466344,2.262682450382083,1 3
dual,56,objective,optimal,25994,4,5,0.0035160000006726477,-0.04420289530083876,2.1792800790434166,1 3
dual,57,objective,optimal,25994,4,5,0.003896599999279715,-0.053155457769700376,2.1193874862459614,1 3
dual,58,objective,optimal,25994,4,5,0.003593899997213157,-0.05591946736801623,2.095539155058536,1 3
dual,59,objective,optimal,25994,4,5,0.003048299997317372,-0.05483549516264752,2.076032189356966,1 3
dual,60,objective,optimal,25994,4,5,0.004298500000004424,-0.04662299765166228,2.070651951458797,1 3
dual,61,objective,optimal,25994,4,5,0.0029557999987446237,-0.027196635339872988,2.0860390754174696,1 3
dual,62,objective,optimal,25994,4,5,0.002805900003295392,-0.005430808882246202,2.153707502041132,1 3
dual,63,feasible,optimal,25994,4,5,0.000814300001366064,0.014230652386681975,0.014230652386681975,1 3
dual,64,feasible,optimal,25994,4,5,0.0009829000009631272,0.032406290303794036,0.032406290303794036,1 3
dual,65,feasible,optimal,25994,4,5,0.0015353000017057639,0.05040814167597865,0.05040814167597865,1 3
dual,66,feasible,optimal,25994,4,5,0.0014421999985643197,0.06533030933189572,0.06533030933189572,1 3
dual,67,feasible,optimal,25994,4,5,0.0013634999995701946,0.07509635362319787,0.07509635362319787,1 3
dual,68,feasible,optimal,25994,4,5,0.001408399999490939,0.08422613375496149,0.08422613375496149,1 3
dual,69,feasible,optimal,25994,4,5,0.0012982999978703447,0.08957410408054606,0.08957410408054606,1 3
dual,70,feasible,optimal,25994,4,5,0.0011990999992121942,0.09359922179604487,0.09359922179604487,1 3
dual,71,feasible,optimal,25994,4,5,0.0010282000002916902,0.09373973058265278,0.09373973058265278,1 3
dual,72,feasible,optimal,25994,4,5,0.0016740999999456108,0.09658763821032612,0.09658763821032612,1 3
dual,73,feasible,optimal,25994,4,5,0.001277999999729218,0.09918333232541074,0.09918333232541074,1 3
dual,74,feasible,optimal,25994,4,5,0.0009405999990121927,0.10103692318091742,0.10103692318091742,3
dual,75,feasible,optimal,25994,4,5,0.0009770999968168326,0.10087415765948156,0.10087415765948156,3
dual,76,feasible,optimal,25994,4,5,0.000965299997915281,0.09644894808667338,0.09644894808667338,3
dual,77,feasible,optimal,25994,4,5,0.0009002999977383297,0.09479057386480239,0.09479057386480239,3
dual,78,feasible,optimal,25994,4,5,0.00116379999963101,0.09304925420482871,0.09304925420482871,3
dual,79,feasible,optimal,25994,4,5,0.0008973000003607012,0.08992226272568796,0.08992226272568796,3
dual,80,feasible,optimal,25994,4,5,0.0008716999982425477,0.08494645059596834,0.08494645059596834,3
dual,81,feasible,optimal,25994,4,5,0.001339999998890562,0.08005984141195564,0.08005984141195564,3
dual,82,feasible,optimal,25994,4,5,0.0008109000009426381,0.07202240896926948,0.07202240896926948,3
dual,83,feasible,optimal,25994,4,5,0.0008338000006915536,0.06504088673767588,0.06504088673767588,3
dual,84,feasible,optimal,25994,4,5,0.0008082000022113789,0.05638193843605875,0.05638193843605875,3
dual,85,feasible,optimal,25994,4,5,0.0008125999993353616,0.04438916139948413,0.04438916139948413,3
dual,86,feasible,optimal,25994,4,5,0.0012055000006512273,0.03731837105973444,0.03731837105973444,3
dual,87,feasible,optimal,25994,4,5,0.0008226999998441897,0.02684730263971238,0.02684730263971238,3
dual,88,feasible,optimal,25994,4,5,0.00082730000212905,0.011363051465173465,0.011363051465173465,3
dual,89,objective,optimal,25994,4,5,0.0030501000001095235,-0.0026856855947974476,1.8903468657779554,3
dual,90,objective,optimal,25994,4,5,0.002404700000624871,-0.01115553362562845,1.8130960720556124,1 3
dual,91,objective,optimal,25994,4,5,0.00253300000258605,-0.017254079975672718,1.7802855220821778,1 3
dual,92,objective,optimal,25994,4,5,0.003164199999446282,-0.020559199865897645,1.7636671700290523,1 3
dual,93,objective,optimal,25994,4,5,0.0029824999983247835,-0.022009781990782254,1.754130003826452,1 3
dual,94,objective,optimal,25994,4,5,0.0028628000000026077,-0.024567660630295224,1.7434294035306332,1 3
dual,95,objective,optimal,25994,4,5,0.0027286000004096422,-0.022369220001788172,1.7483192388226962,1 3
dual,96,objective,optimal,25994,4,5,0.00297359999967739,-0.026065401365410912,1.7406864971155998,1 3
dual,97,objective,optimal,25994,4,5,0.0031373000019812025,-0.0294574013663532,1.7336330578919876,1 3
dual,98,objective,optimal,25994,4,5,0.0032117000009748153,-0.03283962581929299,1.7295337984998111,1 3
dual,99,objective,optimal,25994,4,5,0.003048899998248089,-0.03596971687420571,1.7268867706948492,1 3
dual,100,objective,optimal,25994,4,5,0.002757399997790344,-0.04182102302158083,1.7212844352692076,1 3
dual,101,objective,optimal,25994,4,5,0.003291400000307476,-0.04622587810800345,1.717565123186217,1 3
dual,102,objective,optimal,25994,4,5,0.0030943999990995508,-0.048602720954632986,1.7181969513639275,1 3
dual,103,objective,optimal,25994,4,5,0.003401599999051541,-0.05374255065096856,1.7168615714319109,1 3
dual,104,objective,optimal,25994,4,5,0.002605900001071859,-0.05755685359689032,1.7108788207481993,1 3
dual,105,objective,optimal,25994,4,5,0.002722500001254957,-0.06014978557917859,1.708724823156001,1 3
dual,106,objective,optimal,25994,4,5,0.0023776000016368926,-0.061442942003415144,1.7033348862763074,1 3
dual,107,objective,optimal,25994,4,5,0.0034197999993921258,-0.06178309033426006,1.6969684274684314,1 3
dual,108,objective,optimal,25994,4,5,0.004261199999746168,-0.0633285773235362,1.6873898345544829,1 3
dual,109,objective,optimal,25994,4,5,0.0029422000006888993,-0.0626649639884389,1.6771787101831621,1 3
dual,110,objective,optimal,25994,4,5,0.002267399999254849,-0.06414748765545575,1.6615345913748283,1 3
dual,111,objective,optimal,25994,4,5,0.002642200000991579,-0.0642732783093527,1.6469665377084357,1 3
dual,112,objective,optimal,25994,4,5,0.001974099999642931,-0.06724420765045437,1.6293348735369018,1 3
dual,113,objective,optimal,25994,4,5,0.0027856000015162863,-0.06853872747534788,1.612538440924412,1 3
dual,114,objective,optimal,25994,4,5,0.0021888999981456436,-0.06815761686382059,1.5947616991819258,1 3
dual,115,objective,optimal,25994,4,5,0.002367900000535883,-0.06985204258320146,1.5749010992307635,1 3
dual,116,objective,optimal,25994,4,5,0.0026030000008177012,-0.0734872886539601,1.55525560160678,1 3
dual,117,objective,optimal,25994,4,5,0.0028597999989870004,-0.07563968801105493,1.537632869526159,1 3
dual,118,objective,optimal,25994,4,5,0.003764099998079473,-0.07449439810288119,1.5182014587468855,1 3
dual,119,objective,optimal,25994,4,5,0.004101899998204317,-0.07657539663413401,1.4976507908127559,1 3
dual,120,objective,optimal,25994,4,5,0.003491100000246661,-0.07570060904016215,1.4824665645988615,1 3
dual,121,objective,optimal,25994,4,5,0.003840700002911035,-0.07644609209434716,1.4668860412225369,1 3
dual,122,objective,optimal,25994,4,5,0.004532499999186257,-0.07843863921441929,1.4508121659265798,1 3
dual,123,objective,optimal,25994,4,5,0.004226500001095701,-0.08010001637064915,1.4372395221704148,1 3
dual,124,objective,optimal,25994,4,5,0.0032892999988689553,-0.0790255938683602,1.4236318616422838,1 3
dual,125,objective,optimal,25994,4,5,0.003458299997873837,-0.07596231029549647,1.413038011918461,1 3
dual,126,objective,optimal,25994,4,5,0.004440900000190595,-0.06800272123802976,1.4031665108085127,1 3
dual,127,objective,optimal,25994,4,5,0.004255799998645671,-0.06252537029495932,1.3924536555030784,1 3
dual,128,objective,optimal,25994,4,5,0.004362499999842839,-0.05596130659216358,1.385865773198947,1 3
dual,129,objective,optimal,25994,4,5,0.0038451000000350177,-0.04525796736497978,1.3880508290827664,1 3
dual,130,objective,optimal,25994,4,5,0.0038282999994407874,-0.034850727424771015,1.3952746308287884,1 3
dual,131,objective,optimal,25994,4,5,0.004350700000941288,-0.024183015280136926,1.4145789952236072,1 3
dual,132,objective,optimal,25994,4,5,0.003797199999098666,-0.010621922100847014,1.4662698413977349,1 3
dual,133,feasible,optimal,25994,4,5,0.001152400000137277,0.0005593969871942571,0.0005593969871942571,3
dual,134,feasible,optimal,25994,4,5,0.0012380999978631735,0.006687215621525805,0.006687215621525805,3
dual,135,feasible,optimal,25994,4,5,0.001168100003269501,0.01380902573339943,0.01380902573339943,3
dual,136,feasible,optimal,25994,4,5,0.0010502999975869898,0.016223069588308252,0.016223069588308252,3
dual,137,feasible,optimal,25994,4,5,0.001208300000143936,0.018584804319892484,0.018584804319892484,3
dual,138,feasible,optimal,25994,4,5,0.0012998999991395976,0.01898289514787464,0.01898289514787464,3
dual,139,feasible,optimal,25994,4,5,0.0011646999992080964,0.01758609301145505,0.01758609301145505,3
dual,140,feasible,optimal,25994,4,5,0.0012333000013313722,0.015185636103467426,0.015185636103467426,3
dual,141,feasible,optimal,25994,4,5,0.0020067999976163264,0.01293439234039738,0.01293439234039738,3
dual,142,feasible,optimal,25994,4,5,0.001025199999276083,0.010225503337931503,0.010225503337931503,3
dual,143,feasible,optimal,25994,4,5,0.0011860999984492082,0.009766009671105417,0.009766009671105417,2
dual,144,feasible,optimal,25994,4,5,0.0011920000033569522,0.01760631278064392,0.01760631278064392,2
dual,145,feasible,optimal,25994,4,5,0.0011058999989472795,0.022874399022882734,0.022874399022882734,2
dual,146,feasible,optimal,25994,4,5,0.0014040000023669563,0.03195086259526627,0.03195086259526627,2
dual,147,feasible,optimal,25994,4,5,0.001382899998134235,0.04123263770596743,0.04123263770596743,2
dual,148,feasible,optimal,25994,4,5,0.0014570000021194573,0.04795574328973061,0.04795574328973061,2
dual,149,feasible,optimal,25994,4,5,0.0019389999979466666,0.05801460006083689,0.05801460006083689,2
dual,150,feasible,optimal,25994,4,5,0.001961699999810662,0.0670544685703834,0.0670544685703834,2
dual,151,feasible,optimal,25994,4,5,0.0016981000007945113,0.0753482773684635,0.0753482773684635,2
dual,152,feasible,optimal,25994,4,5,0.002120900000591064,0.08380981708789209,0.08380981708789209,2
dual,153,feasible,optimal,25994,4,5,0.001803699997253716,0.09115395553029111,0.09115395553029111,2
dual,154,feasible,optimal,25994,4,5,0.0017880000013974495,0.09784773617748264,0.09784773617748264,2
dual,155,feasible,optimal,25994,4,5,0.0016243999998550862,0.1030704577334327,0.1030704577334327,2
dual,156,feasible,optimal,25994,4,5,0.0019178000002284534,0.10349485993983776,0.10349485993983776,2
dual,157,feasible,optimal,25994,4,5,0.001956700001755962,0.10017886072336094,0.10017886072336094,2
dual,158,feasible,optimal,25994,4,5,0.0017198999994434416,0.09504876381162156,0.09504876381162156,2
dual,159,feasible,optimal,25994,4,5,0.001616400000784779,0.09151826731263926,0.09151826731263926,2
dual,160,feasible,optimal,25994,4,5,0.0016624000018055085,0.08854219436308915,0.08854219436308915,2
dual,161,feasible,optimal,25994,4,5,0.00192090000200551,0.08550658355302058,0.08550658355302058,2
dual,162,feasible,optimal,25994,4,5,0.002204899999924237,0.08090703772055388,0.08090703772055388,2
dual,163,feasible,optimal,25994,4,5,0.003224799998861272,0.07894176980959974,0.07894176980959974,2
dual,164,feasible,optimal,25994,4,5,0.0019084000014117919,0.07795820777155231,0.07795820777155231,2
dual,165,feasible,optimal,25994,4,5,0.002840100001776591,0.0782219740959401,0.0782219740959401,2
dual,166,feasible,optimal,25994,4,5,0.0020541999983834103,0.08110307859435606,0.08110307859435606,2
dual,167,feasible,optimal,25994,4,5,0.0019511999998940155,0.08510268154697032,0.08510268154697032,2
dual,168,feasible,optimal,25994,4,5,0.0018638000001374166,0.0905405035708179,0.0905405035708179,2
dual,169,feasible,optimal,25994,4,5,0.001866499998868676,0.09232219199949299,0.09232219199949299,2
dual,170,feasible,optimal,25994,4,5,0.0018659000015759375,0.09383009483195923,0.09383009483195923,2
dual,171,feasible,optimal,25994,4,5,0.002076900000247406,0.09041315587122423,0.09041315587122423,2
dual,172,feasible,optimal,25994,4,5,0.001836299998103641,0.09529466675573124,0.09529466675573124,3
dual,173,feasible,optimal,25994,4,5,0.00177590000021155,0.1021120507467234,0.1021120507467234,3
dual,174,feasible,optimal,25994,4,5,0.0016362999995180871,0.10936707203442539,0.10936707203442539,3
dual,175,feasible,optimal,25994,4,5,0.0016394999984186143,0.11416180838827628,0.11416180838827628,3
dual,176,feasible,optimal,25994,4,5,0.0016948999982560053,0.11816395334986864,0.11816395334986864,3
dual,177,feasible,optimal,25994,4,5,0.0016572999993513804,0.11697494717519083,0.11697494717519083,3
dual,178,feasible,optimal,25994,4,5,0.0011931000008189585,0.1159883667644601,0.1159883667644601,3
dual,179,feasible,optimal,25994,4,5,0.0014907000004313886,0.11314641532605423,0.11314641532605423,3
dual,180,feasible,optimal,25994,4,5,0.0011611999980232213,0.10994064927175032,0.10994064927175032,3
dual,181,feasible,optimal,25994,4,5,0.0011067000014008954,0.10614166225027855,0.10614166225027855,3
dual,182,feasible,optimal,25994,4,5,0.0009809000002860557,0.10143322889529849,0.10143322889529849,3
dual,183,feasible,optimal,25994,4,5,0.0008591000005253591,0.09506476557158029,0.09506476557158029,3
dual,184,feasible,optimal,25994,4,5,0.0009821000021474902,0.08983481156485418,0.08983481156485418,3
dual,185,feasible,optimal,25994,4,5,0.0009328999985882547,0.08676694945302046,0.08676694945302046,3
dual,186,feasible,optimal,25994,4,5,0.001301299998885952,0.083251180021087,0.083251180021087,3
dual,187,feasible,optimal,25994,4,5,0.0012279000002308749,0.07940112223635723,0.07940112223635723,3
dual,188,feasible,optimal,25994,4,5,0.0008878000007825904,0.0756574586526324,0.0756574586526324,3
dual,189,feasible,optimal,25994,4,5,0.0008959000006143469,0.0758490419564392,0.0758490419564392,3
dual,190,feasible,optimal,25994,4,5,0.0009458000022277702,0.07666304104124406,0.07666304104124406,3
dual,191,feasible,optimal,25994,4,5,0.0016127999988384545,0.0765565681609984,0.0765565681609984,3
dual,192,feasible,optimal,25994,4,5,0.0011042999976780266,0.07640745432946734,0.07640745432946734,3
dual,193,feasible,optimal,25994,4,5,0.000980399996478809,0.07703888769125479,0.07703888769125479,3
dual,194,feasible,optimal,25994,4,5,0.001384800001687836,0.0799138584715454,0.0799138584715454,3
dual,195,feasible,optimal,25994,4,5,0.0008708999994269107,0.08358125646910256,0.08358125646910256,3
dual,196,feasible,optimal,25994,4,5,0.0009028999993461184,0.08994387169196262,0.08994387169196262,3
dual,197,feasible,optimal,25994,4,5,0.0009767999981704634,0.09866273089220581,0.09866273089220581,3
dual,198,feasible,optimal,25994,4,5,0.0009304000013798941,0.1074580566113641,0.1074580566113641,3
dual,199,feasible,optimal,25994,4,5,0.0009561000006215181,0.11124120256044406,0.11124120256044406,3
dual,200,feasible,optimal,25994,4,5,0.0008895999999367632,0.11463083536086029,0.11463083536086029,3
dual,201,feasible,optimal,25994,4,5,0.0008830000006128103,0.11630930316801785,0.11630930316801785,3
dual,202,feasible,optimal,25994,4,5,0.0010032999998657033,0.11812457896965411,0.11812457896965411,3
dual,203,feasible,optimal,25994,4,5,0.0009541999970679171,0.11927597383741172,0.11927597383741172,3
dual,204,feasible,optimal,25994,4,5,0.0008613999998487998,0.1237371085193695,0.1237371085193695,3
dual,205,feasible,optimal,25994,4,5,0.0009046000013768207,0.12548714652173198,0.12548714652173198,3
dual,206,feasible,optimal,25994,4,5,0.0008718000026419759,0.12646845021788886,0.12646845021788886,3
dual,207,feasible,optimal,25994,4,5,0.000854799996886868,0.12596693376116355,0.12596693376116355,3
dual,208,feasible,optimal,25994,4,5,0.0012148999994678888,0.12387604444556649,0.12387604444556649,3
dual,209,feasible,optimal,25994,4,5,0.0009021000005304813,0.12401569482241,0.12401569482241,3
dual,210,feasible,optimal,25994,4,5,0.0008855000014591496,0.12625886325121444,0.12625886325121444,3
dual,211,feasible,optimal,25994,4,5,0.0008760000018810388,0.12949670904873758,0.12949670904873758,3
dual,212,feasible,optimal,25994,4,5,0.0008604000031482428,0.13159779065371893,0.13159779065371893,3
dual,213,feasible,optimal,25994,4,5,0.0009391999992658384,0.13283729116545537,0.13283729116545537,3
dual,214,feasible,optimal,25994,4,5,0.0008689999995112885,0.13187068369410065,0.13187068369410065,3
dual,215,feasible,optimal,25994,4,5,0.001044600001478102,0.13009077660988128,0.13009077660988128,3
dual,216,feasible,optimal,25994,4,5,0.0009071999993466306,0.1299486889265382,0.1299486889265382,3
dual,217,feasible,optimal,25994,4,5,0.0009208999981638044,0.1295102153046668,0.1295102153046668,3
dual,218,feasible,optimal,25994,4,5,0.001038999998854706,0.1307857253932302,0.1307857253932302,2
dual,219,feasible,optimal,25994,4,5,0.0009454999999434222,0.13367482341602588,0.13367482341602588,2
dual,220,feasible,optimal,25994,4,5,0.0010820999996212777,0.1338822406502539,0.1338822406502539,2
dual,221,feasible,optimal,25994,4,5,0.0010312000013072975,0.13389205578950947,0.13389205578950947,3
dual,222,feasible,optimal,25994,4,5,0.0009728000004542992,0.13604615717230764,0.13604615717230764,3
dual,223,feasible,optimal,25994,4,5,0.0008916000006138347,0.14021116800836803,0.14021116800836803,3
dual,224,feasible,optimal,25994,4,5,0.001429900003131479,0.14043751488637413,0.14043751488637413,3
dual,225,feasible,optimal,25994,4,5,0.0011278999991191085,0.14061885761319617,0.14061885761319617,3
dual,226,feasible,optimal,25994,4,5,0.0009968000013031997,0.1394851128350377,0.1394851128350377,2
dual,227,feasible,optimal,25994,4,5,0.0014546000020345673,0.13963571604482666,0.13963571604482666,2
dual,228,feasible,optimal,25994,4,5,0.0009558999990986194,0.14152363544804805,0.14152363544804805,2
dual,229,feasible,optimal,25994,4,5,0.0009083000004466157,0.14061850979825116,0.14061850979825116,2
dual,230,feasible,optimal,25994,4,5,0.0009153999999398366,0.1375760466964983,0.1375760466964983,2
dual,231,feasible,optimal,25994,4,5,0.001147099999798229,0.13589102723776203,0.13589102723776203,2
dual,232,feasible,optimal,25994,4,5,0.0008998000012070406,0.13362519597097527,0.13362519597097527,2
dual,233,feasible,optimal,25994,4,5,0.0009704999974928796,0.13166732256782748,0.13166732256782748,2
dual,234,feasible,optimal,25994,4,5,0.0009104999990086071,0.13105808439597794,0.13105808439597794,2
dual,235,feasible,optimal,25994,4,5,0.0011059999997087289,0.1306947509871804,0.1306947509871804,2
dual,236,feasible,optimal,25994,4,5,0.0010619999993650708,0.1269129318776997,0.1269129318776997,2
dual,237,feasible,optimal,25994,4,5,0.001546200001030229,0.12489494512023126,0.12489494512023126,2
dual,238,feasible,optimal,25994,4,5,0.00141290000101435,0.12223090703021652,0.12223090703021652,2
dual,239,feasible,optimal,25994,4,5,0.0014417999991565011,0.12134409205258932,0.12134409205258932,2
dual,240,feasible,optimal,25994,4,5,0.00134030000117491,0.12272435906087871,0.12272435906087871,2
dual,241,feasible,optimal,25994,4,5,0.0013115000001562294,0.12516531368239667,0.12516531368239667,2
dual,242,feasible,optimal,25994,4,5,0.0011741999987862073,0.12688023667940984,0.12688023667940984,2
dual,243,feasible,optimal,25994,4,5,0.0020396999971126206,0.12808785479707246,0.12808785479707246,2
dual,244,feasible,optimal,25994,4,5,0.0014241999997466337,0.1296101317673259,0.1296101317673259,2
dual,245,feasible,optimal,25994,4,5,0.0010812000000441913,0.13028848935416734,0.13028848935416734,2
dual,246,feasible,optimal,25994,4,5,0.0013001000006624963,0.13028588263725377,0.13028588263725377,2
dual,247,feasible,optimal,25994,4,5,0.0010478000003786292,0.1318943369080439,0.1318943369080439,2
dual,248,feasible,optimal,25994,4,5,0.0011522999993758276,0.13202983591561493,0.13202983591561493,2
dual,249,feasible,optimal,25994,4,5,0.0013061999998171814,0.13179290315820277,0.13179290315820277,2
dual,250,feasible,optimal,25994,4,5,0.0014004000004206318,0.12979625061398023,0.12979625061398023,2
dual,251,feasible,optimal,25994,4,5,0.0010421000006317627,0.12919084631780148,0.12919084631780148,2
dual,252,feasible,optimal,25994,4,5,0.0011221000022487715,0.12769920921470246,0.12769920921470246,2
dual,253,feasible,optimal,25994,4,5,0.0010708999980124645,0.1253195057526539,0.1253195057526539,2
dual,254,feasible,optimal,25994,4,5,0.0012530000021797605,0.12427618072187789,0.12427618072187789,2
dual,255,feasible,optimal,25994,4,5,0.0013494000013452023,0.12512760054071836,0.12512760054071836,2
dual,256,feasible,optimal,25994,4,5,0.0014058000015211292,0.12704517524764714,0.12704517524764714,2
dual,257,feasible,optimal,25994,4,5,0.0012492999994719867,0.12769042019232413,0.12769042019232413,2
dual,258,feasible,optimal,25994,4,5,0.0011143999981868546,0.12799960652322576,0.12799960652322576,2
dual,259,feasible,optimal,25994,4,5,0.001251800000318326,0.13074523950481068,0.13074523950481068,2
dual,260,feasible,optimal,25994,4,5,0.0014228000000002794,0.136708898929057,0.136708898929057,2
dual,261,feasible,optimal,25994,4,5,0.0015127000006032176,0.14257331838441956,0.14257331838441956,2
dual,262,feasible,optimal,25994,4,5,0.0018779999991238583,0.1471095974560466,0.1471095974560466,2
dual,263,feasible,optimal,25994,4,5,0.0016579000002820976,0.1519458772420889,0.1519458772420889,2
dual,264,feasible,optimal,25994,4,5,0.0014301999981398694,0.1528553936708883,0.1528553936708883,2
dual,265,feasible,optimal,25994,4,5,0.001975699997274205,0.1543104747089668,0.1543104747089668,2
dual,266,feasible,optimal,25994,4,5,0.001652700000704499,0.15589041526495762,0.15589041526495762,2
dual,267,feasible,optimal,25994,4,5,0.0018168999995396007,0.15764393731102674,0.15764393731102674,2
dual,268,feasible,optimal,25994,4,5,0.001839800002926495,0.16137411053509892,0.16137411053509892,2
dual,269,feasible,optimal,25994,4,5,0.0016501999998581596,0.16201146455572635,0.16201146455572635,2
dual,270,feasible,optimal,25994,4,5,0.001974899998458568,0.16182128088208098,0.16182128088208098,2
dual,271,feasible,optimal,25994,4,5,0.0018899999995483086,0.16055969751126428,0.16055969751126428,2
dual,272,feasible,optimal,25994,4,5,0.0022195999990799464,0.1615715588687342,0.1615715588687342,2
dual,273,feasible,optimal,25994,4,5,0.002549900000303751,0.1602191155158813,0.1602191155158813,2
dual,274,feasible,optimal,25994,4,5,0.0020278000010875985,0.1607491752283422,0.1607491752283422,2
dual,275,feasible,optimal,25994,4,5,0.001929900001414353,0.1588570031586095,0.1588570031586095,2
dual,276,feasible,optimal,25994,4,5,0.0020662000024458393,0.15703320612476165,0.15703320612476165,2
dual,277,feasible,optimal,25994,4,5,0.001471699997637188,0.1550524605966016,0.1550524605966016,2
dual,278,feasible,optimal,25994,4,5,0.0018971999998029787,0.14956730726148182,0.14956730726148182,2
dual,279,feasible,optimal,25994,4,5,0.0021173999994061887,0.1467594721771881,0.1467594721771881,2
dual,280,feasible,optimal,25994,4,5,0.0021761999996670056,0.14312730924218658,0.14312730924218658,2
dual,281,feasible,optimal,25994,4,5,0.001985800001421012,0.14106300081011558,0.14106300081011558,2
dual,282,feasible,optimal,25994,4,5,0.0017116000017267652,0.1375762271325286,0.1375762271325286,2
dual,283,feasible,optimal,25994,4,5,0.0015519000007770956,0.13541113568032825,0.13541113568032825,2
dual,284,feasible,optimal,25994,4,5,0.0016959999993559904,0.13319457865403048,0.13319457865403048,2
dual,285,feasible,optimal,25994,4,5,0.002102099999319762,0.12980770093542676,0.12980770093542676,2
dual,286,feasible,optimal,25994,4,5,0.001982400000997586,0.12439425417358985,0.12439425417358985,2
dual,287,feasible,optimal,25994,4,5,0.0034345999993092846,0.11927532457168936,0.11927532457168936,2
dual,288,feasible,optimal,25994,4,5,0.00211219999982859,0.11774997437874991,0.11774997437874991,2
dual,289,feasible,optimal,25994,4,5,0.0017597000005480368,0.12225590978050425,0.12225590978050425,3
dual,290,feasible,optimal,25994,4,5,0.0052071000027353875,0.1268046195619097,0.1268046195619097,3
dual,291,feasible,optimal,25994,4,5,0.0019380000012461096,0.1307064450277688,0.1307064450277688,3
dual,292,feasible,optimal,25994,4,5,0.0019513000006554648,0.13564238830763492,0.13564238830763492,3
dual,293,feasible,optimal,25994,4,5,0.0017628000023250934,0.13987410461458658,0.13987410461458658,3
dual,294,feasible,optimal,25994,4,5,0.002051499999652151,0.1419129024621742,0.1419129024621742,3
dual,295,feasible,optimal,25994,4,5,0.0017315000004600734,0.1416565779723814,0.1416565779723814,3
dual,296,feasible,optimal,25994,4,5,0.0015849999981583096,0.14033633044860452,0.14033633044860452,3
dual,297,feasible,optimal,25994,4,5,0.0016409000018029474,0.1372159163582515,0.1372159163582515,3
dual,298,feasible,optimal,25994,4,5,0.0015062999991641846,0.13469628212159518,0.13469628212159518,3
dual,299,feasible,optimal,25994,4,5,0.0015098999974725302,0.13062839054024988,0.13062839054024988,3
dual,300,feasible,optimal,25994,4,5,0.0015539999985776376,0.12542115372387236,0.12542115372387236,3
dual,301,feasible,optimal,25994,4,5,0.0018544000013207551,0.1205196328183398,0.1205196328183398,3
dual,302,feasible,optimal,25994,4,4,0.0020056000030308496,0.11593207639872212,0.11593207639872212,3
dual,303,feasible,optimal,25994,4,4,0.002202800002123695,0.1106452430929005,0.1106452430929005,2
dual,304,feasible,optimal,25994,4,4,0.0016905000011320226,0.10602286079184023,0.10602286079184023,2
dual,305,feasible,optimal,25994,4,4,0.0015873000011197291,0.10367840166638088,0.10367840166638088,2
dual,306,feasible,optimal,25994,4,4,0.0015323000006901566,0.1023184123022345,0.1023184123022345,2
dual,307,feasible,optimal,25994,4,4,0.0015963999976520427,0.10237143019075137,0.10237143019075137,2
dual,308,feasible,optimal,25994,4,4,0.0014920000030542724,0.10293720091914862,0.10293720091914862,2
dual,309,feasible,optimal,25994,4,4,0.0015514000006078277,0.10644209874089663,0.10644209874089663,2
dual,310,feasible,optimal,25994,4,4,0.001509599998826161,0.11153261231214884,0.11153261231214884,2
dual,311,feasible,optimal,25994,4,4,0.0015899999998509884,0.11805056495588105,0.11805056495588105,2
dual,312,feasible,optimal,25994,4,4,0.0015385999977297615,0.12321409731982215,0.12321409731982215,2
dual,313,feasible,optimal,25994,4,4,0.0015277999991667457,0.1284471203369523,0.1284471203369523,2
dual,314,feasible,optimal,25994,4,4,0.001651899998250883,0.13332634562895668,0.13332634562895668,2
dual,315,feasible,optimal,25994,4,4,0.0016563000026508234,0.13764789090788157,0.13764789090788157,2
dual,316,feasible,optimal,25994,4,4,0.0017678000003797933,0.14204571420334983,0.14204571420334983,2
dual,317,feasible,optimal,25994,4,3,0.001960400000825757,0.14467882013801556,0.14467882013801556,2
dual,318,feasible,optimal,25994,4,3,0.0017077000011340715,0.1469415559971106,0.1469415559971106,2
dual,319,feasible,optimal,25994,4,3,0.0016851000000315253,0.14900871530933604,0.14900871530933604,3
dual,320,feasible,optimal,25994,4,3,0.0015386000013677403,0.15220087567937404,0.15220087567937404,3
dual,321,feasible,optimal,25994,4,3,0.0015237999978126027,0.15458218967082818,0.15458218967082818,3
dual,322,feasible,optimal,25994,4,3,0.0014987000031396747,0.15292504948803273,0.15292504948803273,3
dual,323,feasible,optimal,25994,4,3,0.0015488999997614883,0.14951609273411948,0.14951609273411948,3
dual,324,feasible,optimal,25994,4,3,0.0013796999992337078,0.14433158485908948,0.14433158485908948,3
dual,325,feasible,optimal,25994,4,3,0.0015564000023005065,0.14025688719940713,0.14025688719940713,3
dual,326,feasible,optimal,25994,4,3,0.0016442000014649238,0.13656932705839825,0.13656932705839825,3
dual,327,feasible,optimal,25994,4,3,0.001498500001616776,0.13616574029018402,0.13616574029018402,3
dual,328,feasible,optimal,25994,4,3,0.0015203000002657063,0.13665540636903534,0.13665540636903534,3
dual,329,feasible,optimal,25994,4,3,0.0017711000000417698,0.13814871563963585,0.13814871563963585,3
dual,330,feasible,optimal,25994,4,3,0.001685300001554424,0.1407728131008265,0.1407728131008265,3
dual,331,feasible,optimal,25994,4,3,0.001708600000711158,0.14676073087945418,0.14676073087945418,2
dual,332,feasible,optimal,25994,4,3,0.0017883000000438187,0.15434961438316397,0.15434961438316397,2
dual,333,feasible,optimal,25994,4,3,0.0015902999984973576,0.16159182048158502,0.16159182048158502,2
dual,334,feasible,optimal,25994,4,3,0.0014770000016142149,0.16801081161737824,0.16801081161737824,2
dual,335,feasible,optimal,25994,4,3,0.0016797999996924773,0.17491886481393576,0.17491886481393576,2
dual,336,feasible,optimal,25994,4,3,0.0014799000018683728,0.1806488596921102,0.1806488596921102,2
dual,337,feasible,optimal,25994,4,3,0.001607899997907225,0.18607048334146517,0.18607048334146517,2
dual,338,feasible,optimal,25994,4,3,0.0017952999987755902,0.1926811163979009,0.1926811163979009,2
dual,339,feasible,optimal,25994,4,3,0.0014532999994116835,0.1962822460027174,0.1962822460027174,2
dual,340,feasible,optimal,25994,4,3,0.001617199999600416,0.20059882623339018,0.20059882623339018,2
dual,341,feasible,optimal,25994,4,3,0.0014116999991529156,0.20209978602560505,0.20209978602560505,2
dual,342,feasible,optimal,25994,4,3,0.0015779000023030676,0.20258759171127327,0.20258759171127327,2
dual,343,feasible,optimal,25994,4,3,0.0013360999982978683,0.20345605393385346,0.20345605393385346,2
dual,344,feasible,optimal,25994,4,3,0.0013082000004942529,0.20456801518330595,0.20456801518330595,2
dual,345,feasible,optimal,25994,4,3,0.0016216000003623776,0.20289484055072846,0.20289484055072846,2
dual,346,feasible,optimal,25994,4,3,0.0015798000022186898,0.2015900333763201,0.2015900333763201,2
dual,347,feasible,optimal,25994,4,3,0.0015253000019583851,0.20036798372910733,0.20036798372910733,2
dual,348,feasible,optimal,25994,4,3,0.001693800000793999,0.1976814092714102,0.1976814092714102,2
dual,349,feasible,optimal,25994,4,3,0.001476500001444947,0.19627051644687954,0.19627051644687954,2
dual,350,feasible,optimal,25994,4,3,0.0014517000017804094,0.1931866480909508,0.1931866480909508,2
dual,351,feasible,optimal,25994,4,3,0.0019800999980361667,0.19138739157860318,0.19138739157860318,2
dual,352,feasible,optimal,25994,4,3,0.0015829000003577676,0.18985032134239682,0.18985032134239682,2
dual,353,feasible,optimal,25994,4,3,0.0013509999989764765,0.18799815107241427,0.18799815107241427,2
dual,354,feasible,optimal,25994,4,3,0.0014937000014469959,0.18386967943509186,0.18386967943509186,2
dual,355,feasible,optimal,25994,4,3,0.0012931999990541954,0.18028716253133764,0.18028716253133764,2
dual,356,feasible,optimal,25994,4,3,0.001430100001016399,0.17733622712441774,0.17733622712441774,2
dual,357,feasible,optimal,25994,4,3,0.0015609000001859386,0.17215448829708418,0.17215448829708418,2
dual,358,feasible,optimal,25994,4,3,0.0016840999996929895,0.16436420947871658,0.16436420947871658,2
dual,359,feasible,optimal,25994,4,3,0.0017530000004626345,0.1571466776524412,0.1571466776524412,3
dual,360,feasible,optimal,25994,4,3,0.0017334000003756955,0.15766945607516655,0.15766945607516655,3
dual,361,feasible,optimal,25994,4,3,0.0017889999980980065,0.15560615038744766,0.15560615038744766,3
dual,362,feasible,optimal,25994,4,3,0.0017990999986068346,0.15369966155237716,0.15369966155237716,3
dual,363,feasible,optimal,25994,4,3,0.0021065000000817236,0.15372312688586132,0.15372312688586132,3
dual,364,feasible,optimal,25994,4,3,0.001455300000088755,0.15422860122579546,0.15422860122579546,3
dual,365,feasible,optimal,25994,4,3,0.0016821999997773673,0.15484147240266233,0.15484147240266233,3
dual,366,feasible,optimal,25994,4,3,0.0019255000006523915,0.15242678520760528,0.15242678520760528,3
dual,367,feasible,optimal,25994,4,3,0.0017979999975068495,0.15091768395158917,0.15091768395158917,3
dual,368,feasible,optimal,25994,4,3,0.0017609999995329417,0.15137232021265984,0.15137232021265984,3
dual,369,feasible,optimal,25994,4,3,0.001582999997481238,0.15006329461138462,0.15006329461138462,3
dual,370,feasible,optimal,25994,4,3,0.0016799000004539266,0.1501118071607845,0.1501118071607845,3
dual,371,feasible,optimal,25994,4,3,0.00164049999875715,0.1513121802197539,0.1513121802197539,2
dual,372,feasible,optimal,25994,4,3,0.0018872000000556,0.15352633347878075,0.15352633347878075,2
dual,373,feasible,optimal,25994,4,3,0.0013565999979618937,0.15476689549423606,0.15476689549423606,2
dual,374,feasible,optimal,25994,4,3,0.0014864000004308764,0.15423920912177325,0.15423920912177325,2
dual,375,feasible,optimal,25994,4,3,0.0016189999987545889,0.15193686368266957,0.15193686368266957,2
dual,376,feasible,optimal,25994,4,3,0.001690299999609124,0.15170934242183534,0.15170934242183534,3
dual,377,feasible,optimal,25994,4,3,0.0019855999998981133,0.1521439331770694,0.1521439331770694,3
dual,378,feasible,optimal,25994,4,3,0.0015591000010317657,0.150122083784627,0.150122083784627,2
dual,379,feasible,optimal,25994,4,3,0.001357999997708248,0.14885484779405433,0.14885484779405433,2
dual,380,feasible,optimal,25994,4,3,0.001459800001612166,0.14852790083936213,0.14852790083936213,2
dual,381,feasible,optimal,25994,4,3,0.002081700000417186,0.1475493520845316,0.1475493520845316,2
dual,382,feasible,optimal,25994,4,3,0.0017426999984309077,0.14714550129473355,0.14714550129473355,2
dual,383,feasible,optimal,25994,4,3,0.0015322999970521778,0.14712346922866681,0.14712346922866681,2
dual,384,feasible,optimal,25994,4,3,0.0015019999991636723,0.1474709411142736,0.1474709411142736,2
dual,385,feasible,optimal,25994,4,3,0.002294999998412095,0.1490532897797443,0.1490532897797443,2
dual,386,feasible,optimal,25994,4,3,0.0014948999996704515,0.1520382838734316,0.1520382838734316,2
dual,387,feasible,optimal,25994,4,3,0.0019409000015002675,0.1541640467191159,0.1541640467191159,2
dual,388,feasible,optimal,25994,4,3,0.0016514999988430645,0.15520712432146425,0.15520712432146425,2
dual,389,feasible,optimal,25994,4,3,0.0015611000017088372,0.15827948166859396,0.15827948166859396,2
dual,390,feasible,optimal,25994,4,3,0.001524699997389689,0.16227339311200736,0.16227339311200736,2
dual,391,feasible,optimal,25994,4,3,0.001735900001222035,0.16497862641354355,0.16497862641354355,2
dual,392,feasible,optimal,25994,4,3,0.0015800000001036096,0.16684449539433138,0.16684449539433138,2
dual,393,feasible,optimal,25994,4,3,0.001477499998145504,0.17242434153613653,0.17242434153613653,2
dual,394,feasible,optimal,25994,4,3,0.0015115999995032325,0.1765884355503618,0.1765884355503618,2
dual,395,feasible,optimal,25994,4,3,0.0014765999985684175,0.18012213033452437,0.18012213033452437,2
dual,396,feasible,optimal,25994,4,3,0.0012242999982845504,0.18251686121508845,0.18251686121508845,2
dual,397,feasible,optimal,25994,4,3,0.0014408999995794147,0.18382447019404163,0.18382447019404163,2
dual,398,feasible,optimal,25994,4,3,0.00177330000224174,0.185211462438817,0.185211462438817,2
dual,399,feasible,optimal,25994,4,3,0.0013051999994786456,0.18509653123411113,0.18509653123411113,2
dual,400,feasible,optimal,25994,4,3,0.0015117000002646819,0.18427891159019116,0.18427891159019116,2
dual,401,feasible,optimal,25994,4,3,0.0013534999998228159,0.18385844022488987,0.18385844022488987,2
dual,402,feasible,optimal,25994,4,3,0.001351399998384295,0.18316015608119984,0.18316015608119984,2
dual,403,feasible,optimal,25994,4,3,0.0013495999992301222,0.17951106655082671,0.17951106655082671,2
dual,404,feasible,optimal,25994,4,3,0.0014424000000872184,0.17519290696624212,0.17519290696624212,2
dual,405,feasible,optimal,25994,4,3,0.0015013999982329551,0.16983357211569924,0.16983357211569924,2
dual,406,feasible,optimal,25994,4,3,0.0015972000001056585,0.16567428820572253,0.16567428820572253,2
dual,407,feasible,optimal,25994,4,3,0.0015973000008671079,0.16022075638608496,0.16022075638608496,2
dual,408,feasible,optimal,25994,4,3,0.0015043999992485624,0.15355392292351688,0.15355392292351688,2
dual,409,feasible,optimal,25994,4,3,0.0015448000012838747,0.14581388094766679,0.14581388094766679,2
dual,410,feasible,optimal,25994,4,3,0.0017463999975007027,0.13911586924335784,0.13911586924335784,2
dual,411,feasible,optimal,25994,4,3,0.001591500000358792,0.13187558441637165,0.13187558441637165,2
dual,412,feasible,optimal,25994,4,3,0.0015519000007770956,0.12494036459554453,0.12494036459554453,2
dual,413,feasible,optimal,25994,4,3,0.001495600001362618,0.11836178692542572,0.11836178692542572,2
dual,414,feasible,optimal,25994,4,3,0.001713900001050206,0.11522944423912419,0.11522944423912419,2
dual,415,feasible,optimal,25994,4,3,0.0019356000011612196,0.11249513472823541,0.11249513472823541,2
dual,416,feasible,optimal,25994,4,3,0.0016673999998602085,0.1122336901501109,0.1122336901501109,2
dual,417,feasible,optimal,25994,4,3,0.001810900001146365,0.1131247013755393,0.1131247013755393,2
dual,418,feasible,optimal,25994,4,3,0.0015378000025521033,0.11429481596009161,0.11429481596009161,2
dual,419,feasible,optimal,25994,4,3,0.001653499999520136,0.11547686493211488,0.11547686493211488,2
dual,420,feasible,optimal,25994,4,3,0.0012619999979506247,0.11710763684597802,0.11710763684597802,2
dual,421,feasible,optimal,25994,4,3,0.00185090000013588,0.12065195376785535,0.12065195376785535,2
dual,422,feasible,optimal,25994,4,3,0.0015999999995983671,0.12474948604023056,0.12474948604023056,2
dual,423,feasible,optimal,25994,4,3,0.0016066999996837694,0.13112103637242917,0.13112103637242917,2
dual,424,feasible,optimal,25994,4,3,0.0015614000003552064,0.1349012064098705,0.1349012064098705,2
dual,425,feasible,optimal,25994,4,3,0.001750499999616295,0.1389991657253265,0.1389991657253265,2
dual,426,feasible,optimal,25994,4,3,0.0013809000010951422,0.13943452523741712,0.13943452523741712,2
dual,427,feasible,optimal,25994,4,3,0.0017655000010563526,0.14106227901181514,0.14106227901181514,2
dual,428,feasible,optimal,25994,4,3,0.0020904000011796597,0.1444063922244231,0.1444063922244231,2
dual,429,feasible,optimal,25994,4,3,0.0014936000006855465,0.14991346358366325,0.14991346358366325,2
dual,430,feasible,optimal,25994,4,3,0.0019342999985383358,0.1552268032156586,0.1552268032156586,2
dual,431,feasible,optimal,25994,4,3,0.0016692999997758307,0.16165373437068595,0.16165373437068595,2
dual,432,feasible,optimal,25994,4,3,0.0014771000023756642,0.1655784426776184,0.1655784426776184,2
dual,433,feasible,optimal,25994,4,3,0.0018165000001317821,0.16814716192877838,0.16814716192877838,2
dual,434,feasible,optimal,25994,4,3,0.0015880999999353662,0.17124730563692153,0.17124730563692153,2
dual,435,feasible,optimal,25994,4,3,0.0015544999987469055,0.17372694650974244,0.17372694650974244,2
dual,436,feasible,optimal,25994,4,3,0.001728699997329386,0.17810484703956084,0.17810484703956084,2
dual,437,feasible,optimal,25994,4,3,0.00177590000021155,0.18197163919335468,0.18197163919335468,2
dual,438,feasible,optimal,25994,4,3,0.0020537999989755917,0.18426642400956011,0.18426642400956011,2
dual,439,feasible,optimal,25994,4,3,0.0024876000024960376,0.18519474491858107,0.18519474491858107,2
dual,440,feasible,optimal,25994,4,3,0.0016599000009591691,0.1861076394822293,0.1861076394822293,2
dual,441,feasible,optimal,25994,4,3,0.0018951000020024367,0.18483982780204616,0.18483982780204616,2
dual,442,feasible,optimal,25994,4,3,0.0017041999999491964,0.183686735274822,0.183686735274822,2
dual,443,feasible,optimal,25994,4,3,0.0012286000019230414,0.18280996075115158,0.18280996075115158,2
dual,444,feasible,optimal,25994,4,3,0.001630200000363402,0.18447932271844716,0.18447932271844716,2
dual,445,feasible,optimal,25994,4,3,0.001600999999936903,0.18565464533102327,0.18565464533102327,2
dual,446,feasible,optimal,25994,4,3,0.0014436999990721233,0.18656089553319916,0.18656089553319916,2
dual,447,feasible,optimal,25994,4,3,0.0011085000005550683,0.18679842358423562,0.18679842358423562,2
dual,448,feasible,optimal,25994,4,3,0.0014674000012746546,0.18661536483198243,0.18661536483198243,2
dual,449,feasible,optimal,25994,4,3,0.0009911999986798037,0.18549512733337645,0.18549512733337645,2
dual,450,feasible,optimal,25994,4,3,0.0008765999991737772,0.18166062788198944,0.18166062788198944,2
dual,451,feasible,optimal,25994,4,3,0.0014066000003367662,0.17705497119643807,0.17705497119643807,2
dual,452,feasible,optimal,25994,4,3,0.0013112000015098602,0.17267143599857024,0.17267143599857024,2
dual,453,feasible,optimal,25994,4,3,0.001079300000128569,0.16738900707279072,0.16738900707279072,2
dual,454,feasible,optimal,25994,4,3,0.0016920999987632968,0.16038351284458777,0.16038351284458777,2
dual,455,feasible,optimal,25994,4,3,0.001323299999057781,0.1553126382335266,0.1553126382335266,2
dual,456,feasible,optimal,25994,4,3,0.0013498000007530209,0.1497241959381676,0.1497241959381676,2
dual,457,feasible,optimal,25994,4,3,0.0013564000000769738,0.14403365180749067,0.14403365180749067,2
dual,458,feasible,optimal,25994,4,3,0.0013237999992270488,0.13892337296697582,0.13892337296697582,2
dual,459,feasible,optimal,25994,4,3,0.0011998000009043608,0.1337006807697868,0.1337006807697868,2
dual,460,feasible,optimal,25994,4,3,0.0014848000027996022,0.13069813959245793,0.13069813959245793,2
dual,461,feasible,optimal,25994,4,3,0.0013005000000703149,0.12744214246326657,0.12744214246326657,2
dual,462,feasible,optimal,25994,4,3,0.001307399998040637,0.12397943410136691,0.12397943410136691,2
dual,463,feasible,optimal,25994,4,3,0.0012090000018361025,0.12154900129808038,0.12154900129808038,2
dual,464,feasible,optimal,25994,4,3,0.001163499997346662,0.12054850803518935,0.12054850803518935,2
dual,465,feasible,optimal,25994,4,3,0.001357199998892611,0.12023293328686424,0.12023293328686424,2
dual,466,feasible,optimal,25994,4,3,0.001339200000074925,0.11910773784479914,0.11910773784479914,2
dual,467,feasible,optimal,25994,4,3,0.0013814999983878806,0.11858545911884079,0.11858545911884079,2
dual,468,feasible,optimal,25994,4,3,0.001221799997438211,0.11620522070639241,0.11620522070639241,2
dual,469,feasible,optimal,25994,4,3,0.0014921999973012134,0.11560988890294656,0.11560988890294656,2
dual,470,feasible,optimal,25994,4,3,0.001881700001831632,0.11530004830369203,0.11530004830369203,2
dual,471,feasible,optimal,25994,4,3,0.001513600000180304,0.11597596480018735,0.11597596480018735,2
dual,472,feasible,optimal,25994,4,3,0.0019097000003966969,0.11781125088348676,0.11781125088348676,2
dual,473,feasible,optimal,25994,4,3,0.0017095000002882443,0.11975853760554879,0.11975853760554879,2
dual,474,feasible,optimal,25994,4,3,0.0015649000015400816,0.12172982294343826,0.12172982294343826,2
dual,475,feasible,optimal,25994,4,3,0.0013705999990634155,0.12283611462080275,0.12283611462080275,2
dual,476,feasible,optimal,25994,4,3,0.0016825000020617153,0.1264585936859103,0.1264585936859103,2
dual,477,feasible,optimal,25994,4,3,0.0015653000009479001,0.1310458854574388,0.1310458854574388,2
dual,478,feasible,optimal,25994,4,3,0.0012806000013370067,0.13745620491572197,0.13745620491572197,2
dual,479,feasible,optimal,25994,4,3,0.0012902999988000374,0.1411205870544754,0.1411205870544754,2
dual,480,feasible,optimal,25994,4,3,0.0013011999981245026,0.1456302293479483,0.1456302293479483,2
dual,481,feasible,optimal,25994,4,3,0.0014424000000872184,0.14965095544364324,0.14965095544364324,2
dual,482,feasible,optimal,25994,4,3,0.0015084000006027054,0.15230665690631484,0.15230665690631484,2
dual,483,feasible,optimal,25994,4,3,0.0015741999995952938,0.15332777409164747,0.15332777409164747,2
dual,484,feasible,optimal,25994,4,3,0.0031678000013926066,0.15333776990688927,0.15333776990688927,2
dual,485,feasible,optimal,25994,4,3,0.0014933999991626479,0.1527836878852994,0.1527836878852994,2
dual,486,feasible,optimal,25994,4,3,0.002269299999170471,0.15044830678922588,0.15044830678922588,2
dual,487,feasible,optimal,25994,4,3,0.0019616000026871916,0.14621510326025708,0.14621510326025708,2
dual,488,feasible,optimal,25994,4,3,0.0008564999989175703,0.14093188934504908,0.14093188934504908,2
dual,489,feasible,optimal,25994,4,3,0.0008785999998508487,0.13535424458596718,0.13535424458596718,2
dual,490,feasible,optimal,25994,4,3,0.0008672999974805862,0.12719865570680164,0.12719865570680164,2
dual,491,feasible,optimal,25994,4,3,0.0009671000007074326,0.12002274368574288,0.12002274368574288,2
dual,492,feasible,optimal,25994,4,3,0.0007910999993328005,0.11596729528049864,0.11596729528049864,2
dual,493,feasible,optimal,25994,4,3,0.0008101000021270011,0.11568128534792814,0.11568128534792814,2
dual,494,feasible,optimal,25994,4,3,0.0008066000009421259,0.11675117397024706,0.11675117397024706,2
dual,495,feasible,optimal,25994,4,3,0.0008447000000160187,0.11907650913784595,0.11907650913784595,2
dual,496,feasible,optimal,25994,4,3,0.0009812000025704037,0.12128522814039304,0.12128522814039304,2
dual,497,feasible,optimal,25994,4,3,0.0008443999977316707,0.12382529277082614,0.12382529277082614,2
dual,498,feasible,optimal,25994,4,3,0.0008014999984879978,0.1269576759827204,0.1269576759827204,2
dual,499,feasible,optimal,25994,4,3,0.0007789000010234304,0.13184834137494744,0.13184834137494744,2
dual,500,feasible,optimal,25994,4,3,0.0009267999994335696,0.13872596406164986,0.13872596406164986,2
dual,501,feasible,optimal,25994,4,3,0.0010330000004614703,0.1458736386649389,0.1458736386649389,2
dual,502,feasible,optimal,25994,4,3,0.0008756999995966908,0.15172395084578275,0.15172395084578275,2
dual,503,feasible,optimal,25994,4,3,0.000794700001279125,0.15491561277529697,0.15491561277529697,2
dual,504,feasible,optimal,25994,4,3,0.0007820999999239575,0.15622709466410092,0.15622709466410092,2
dual,505,feasible,optimal,25994,4,3,0.0008049999996728729,0.15647718765260873,0.15647718765260873,2
dual,506,feasible,optimal,25994,4,3,0.001132000001234701,0.15700426060849146,0.15700426060849146,2
dual,507,feasible,optimal,25994,4,3,0.0011660999989544507,0.15842147166573234,0.15842147166573234,2
dual,508,feasible,optimal,25994,4,3,0.0012420999992173165,0.16105633605774017,0.16105633605774017,2
dual,509,feasible,optimal,25994,4,3,0.0007788999973854516,0.16294532800428246,0.16294532800428246,2
dual,510,feasible,optimal,25994,4,3,0.0008138000011967961,0.16500405065693813,0.16500405065693813,2
dual,511,feasible,optimal,25994,4,3,0.0008985999993456062,0.16593852907346984,0.16593852907346984,2
dual,512,feasible,optimal,25994,4,3,0.0010531000007176772,0.16621593598338674,0.16621593598338674,2
dual,513,feasible,optimal,25994,4,3,0.0008601000008638948,0.16825493074434034,0.16825493074434034,2
dual,514,feasible,optimal,25994,4,3,0.0008781000033195596,0.17071435336282706,0.17071435336282706,2
dual,515,feasible,optimal,25994,4,3,0.000884000000951346,0.17313446924495032,0.17313446924495032,2
dual,516,feasible,optimal,25994,4,3,0.0008351000033144373,0.17515063269982684,0.17515063269982684,2
dual,517,feasible,optimal,25994,4,3,0.0007920999996713363,0.17784972469775734,0.17784972469775734,2
dual,518,feasible,optimal,25994,4,3,0.0008682000006956514,0.1785841516015255,0.1785841516015255,2
dual,519,feasible,optimal,25994,4,3,0.0008545999990019482,0.17959004551129765,0.17959004551129765,2
dual,520,feasible,optimal,25994,4,3,0.0009390999985043891,0.18189135326793363,0.18189135326793363,2
dual,521,feasible,optimal,25994,4,3,0.0011927999985346105,0.1852486914243447,0.1852486914243447,2
dual,522,feasible,optimal,25994,4,3,0.0012863000010838732,0.18689583459401324,0.18689583459401324,2
dual,523,feasible,optimal,25994,4,3,0.0013872999988961965,0.1881790873046568,0.1881790873046568,2
dual,524,feasible,optimal,25994,4,3,0.0014656000021204818,0.18968717818918548,0.18968717818918548,2
dual,525,feasible,optimal,25994,4,3,0.0008549999984097667,0.19122604734404783,0.19122604734404783,2
dual,526,feasible,optimal,25994,4,3,0.0008999999990919605,0.19149479617643034,0.19149479617643034,2
dual,527,feasible,optimal,25994,4,3,0.0008742000027268659,0.19188071089359968,0.19188071089359968,2
dual,528,feasible,optimal,25994,4,3,0.0012434000018402003,0.19336291562399646,0.19336291562399646,2
dual,529,feasible,optimal,25994,4,3,0.0008562000002712011,0.19670939593646564,0.19670939593646564,2
dual,530,feasible,optimal,25994,4,3,0.000851099997817073,0.1981925601401298,0.1981925601401298,2
dual,531,feasible,optimal,25994,4,3,0.0009251999981643166,0.19900949909902374,0.19900949909902374,2
dual,532,feasible,optimal,25994,4,3,0.0008855999985826202,0.20032514606874197,0.20032514606874197,2
dual,533,feasible,optimal,25994,4,3,0.0014221000019460917,0.19961609662668034,0.19961609662668034,2
dual,534,feasible,optimal,25994,4,3,0.0014679000014439225,0.19718038925619832,0.19718038925619832,2
dual,535,feasible,optimal,25994,4,3,0.0013690000014321413,0.19482315400443165,0.19482315400443165,2
dual,536,feasible,optimal,25994,4,3,0.001098100001399871,0.19339913068887704,0.19339913068887704,2
dual,537,feasible,optimal,25994,4,3,0.0009339999996882398,0.19102869452478774,0.19102869452478774,2
dual,538,feasible,optimal,25994,4,3,0.0013031999988015741,0.18859746842764125,0.18859746842764125,2
dual,539,feasible,optimal,25994,4,3,0.0012545999998110346,0.18490436375205227,0.18490436375205227,2
dual,540,feasible,optimal,25994,4,3,0.0009570000001986045,0.18023907163078798,0.18023907163078798,2
dual,541,feasible,optimal,25994,4,3,0.0013829999988956843,0.17529974833130357,0.17529974833130357,2
dual,542,feasible,optimal,25994,4,3,0.00124119999964023,0.17212794906131135,0.17212794906131135,2
dual,543,feasible,optimal,25994,4,3,0.0011850999981106725,0.17057185519117193,0.17057185519117193,2
dual,544,feasible,optimal,25994,4,3,0.0011852000025101006,0.17006741159824296,0.17006741159824296,2
dual,545,feasible,optimal,25994,4,3,0.0012122000007366296,0.16956698908409465,0.16956698908409465,2
dual,546,feasible,optimal,25994,4,3,0.0012170999980298802,0.1699935822850994,0.1699935822850994,2
dual,547,feasible,optimal,25994,4,3,0.0008079999970505014,0.1702491707084762,0.1702491707084762,2
dual,548,feasible,optimal,25994,4,3,0.0016437999984191265,0.17209976882706307,0.17209976882706307,2
dual,549,feasible,optimal,25994,4,3,0.0011172999984410126,0.17445475919922732,0.17445475919922732,2
dual,550,feasible,optimal,25994,4,3,0.0009650000029068906,0.17819060169130702,0.17819060169130702,2
dual,551,feasible,optimal,25994,4,3,0.0013613999981316738,0.18468104826312867,0.18468104826312867,2
dual,552,feasible,optimal,25994,4,3,0.0011298000026727095,0.19143705922544313,0.19143705922544313,2
dual,553,feasible,optimal,25994,4,3,0.0015497000022151042,0.19750681403409878,0.19750681403409878,2
dual,554,feasible,optimal,25994,4,3,0.0016122999986691866,0.20394003459884774,0.20394003459884774,2
dual,555,feasible,optimal,25994,4,3,0.0018118000007234514,0.2088590892635753,0.2088590892635753,2
dual,556,feasible,optimal,25994,4,3,0.0016864999997778796,0.21368454929186015,0.21368454929186015,2
dual,557,feasible,optimal,25994,4,3,0.0018788999987009447,0.21982718026878262,0.21982718026878262,2
dual,558,feasible,optimal,25994,4,3,0.0015631999995093793,0.2243304702510912,0.2243304702510912,2
dual,559,feasible,optimal,25994,4,3,0.002160100000764942,0.2295866457815654,0.2295866457815654,2
dual,560,feasible,optimal,25994,4,3,0.0023540000001958106,0.23331231696840704,0.23331231696840704,2
dual,561,feasible,optimal,25994,4,3,0.0014061000001674984,0.23637800915390342,0.23637800915390342,2
dual,562,feasible,optimal,25994,4,3,0.0017345000014756806,0.23816868644929287,0.23816868644929287,2
dual,563,feasible,optimal,25994,4,3,0.002136600000085309,0.24021716174088484,0.24021716174088484,2
dual,564,feasible,optimal,25994,4,3,0.001631999999517575,0.2405996761070145,0.2405996761070145,2
dual,565,feasible,optimal,25994,4,3,0.0014821000004303642,0.2416116838260808,0.2416116838260808,2
dual,566,feasible,optimal,25994,4,3,0.0018441000029270072,0.24178722725124446,0.24178722725124446,2
dual,567,feasible,optimal,25994,4,3,0.001352500003122259,0.24126341521361605,0.24126341521361605,2
dual,568,feasible,optimal,25994,4,3,0.0016617999972368125,0.2395515654030881,0.2395515654030881,2
dual,569,feasible,optimal,25994,4,3,0.0017038000005413778,0.23708263003942384,0.23708263003942384,2
dual,570,feasible,optimal,25994,4,3,0.001211000002513174,0.23588853658429085,0.23588853658429085,2
dual,571,feasible,optimal,25994,4,3,0.001152400000137277,0.23363603742079375,0.23363603742079375,2
dual,572,feasible,optimal,25994,4,3,0.0016380000015487894,0.2310870974247784,0.2310870974247784,2
dual,573,feasible,optimal,25994,4,3,0.0017287000009673648,0.2278999143763493,0.2278999143763493,2
dual,574,feasible,optimal,25994,4,3,0.0017053000010491814,0.22654903008209792,0.22654903008209792,2
dual,575,feasible,optimal,25994,4,3,0.0016166999994311482,0.22496099660287552,0.22496099660287552,2
dual,576,feasible,optimal,25994,4,3,0.0019155000009050127,0.22383082752686437,0.22383082752686437,2
dual,577,feasible,optimal,25994,4,3,0.0017675000017334241,0.2232301009411131,0.2232301009411131,2
dual,578,feasible,optimal,25994,4,3,0.0022196000027179252,0.2238889128131618,0.2238889128131618,2
dual,579,feasible,optimal,25994,4,3,0.001223200000822544,0.22496736811394627,0.22496736811394627,2
dual,580,feasible,optimal,25994,4,3,0.0016574999972363003,0.22496995480831497,0.22496995480831497,2
dual,581,feasible,optimal,25994,4,3,0.0016467000023112632,0.22431613269998832,0.22431613269998832,2
dual,582,feasible,optimal,25994,4,3,0.0012913999999000225,0.2225054369087044,0.2225054369087044,2
dual,583,feasible,optimal,25994,4,3,0.0017430000007152557,0.22030467341525614,0.22030467341525614,2
dual,584,feasible,optimal,25994,4,3,0.0016977999985101633,0.2173880704431771,0.2173880704431771,2
dual,585,feasible,optimal,25994,4,3,0.0013367999999900348,0.2134324720288458,0.2134324720288458,2
dual,586,feasible,optimal,25994,4,3,0.002209500002209097,0.21104487754826945,0.21104487754826945,2
dual,587,feasible,optimal,25994,4,3,0.001434599998901831,0.20819965540185303,0.20819965540185303,2
dual,588,feasible,optimal,25994,4,3,0.0014988000002631452,0.2050748124316391,0.2050748124316391,2
dual,589,feasible,optimal,25994,4,3,0.0015534999984083697,0.20063493678088787,0.20063493678088787,2
dual,590,feasible,optimal,25994,4,3,0.0009991000006266404,0.19732443613032785,0.19732443613032785,2
dual,591,feasible,optimal,25994,4,3,0.0008937000020523556,0.1949791657376981,0.1949791657376981,2
dual,592,feasible,optimal,25994,4,3,0.0008984000014606863,0.1930898041360161,0.1930898041360161,2
dual,593,feasible,optimal,25994,4,3,0.0008296999985759612,0.1902300644109617,0.1902300644109617,2
dual,594,feasible,optimal,25994,4,3,0.0008472000008623581,0.1869598839509026,0.1869598839509026,2
dual,595,feasible,optimal,25994,4,3,0.0013667000021087006,0.18278732562570632,0.18278732562570632,2
dual,596,feasible,optimal,25994,4,3,0.0008597000014560763,0.17662273833973227,0.17662273833973227,2
dual,597,feasible,optimal,25994,4,3,0.000850600001285784,0.1705324027674198,0.1705324027674198,2
dual,598,feasible,optimal,25994,4,3,0.0009829000009631272,0.1675354331365074,0.1675354331365074,2
dual,599,feasible,optimal,25994,4,3,0.000834399997984292,0.1648670455744395,0.1648670455744395,2
